호출부호,선명,총톤수
2ANQ9,BRIGHTON,71786
2BOW3,COSCOFELIXSTOWE,458717
2DXY2,EDISON,284104
2EDZ5,ERVING,710260
2FRK7,EVERLASTING,199990
2FRK8,EVERLEADING,199990
2HDG2,EVERLIBERAL,499975
2HDG4,EVERLOADING,202126
3E4971,MERATUSTOMINI,224400
3E5149,HONGYONGLANTIAN,139608
3E5218,MAERSKFORTALEZA,115744
3E5221,HAOHAIJIYUN,74668
3E5307,HMMHARMONY,225744
3E5389,HMMMIRACLE,225744
3E5419,HELE,134060
3E5922,MAERSKFRANKFURT,115744
3E5997,BRIGHTSAKURA,29622
3E6006,YONGSHUN,442935
3E6749,HMMMASTER,112872
3E6805,QINGXIANG6,212615
3E6980,HTHONOR,15238
3E7414,HAIANOPUS,75408
3E7460,YUANXIANGFENJIN,108661
3E7563,BRIGHTFUJI,20341
3E7565,NZSUZHOU,40380
3E7763,MAERSKELALTO,383496
3E8363,HMMGREEN,82335
3EAO2,MSCRACHELE,90745
3EBC5,MSCLUCY,180977
3ECH9,MARCOSV,431352
3ECR5,MSCJAPANIII,37518
3ECV5,MSCCAROLINA,196449
3EDK7,MSCALABAMAIII,150072
3EEB3,MSCRANIA,94489
3EEM5,MAERSKNUSSFJORD,258050
3EES2,GEORGEWASHINGTONBRIDGE,68570
3EGR5,MSCJUDITH,91023
3EHF2,MSCJOANNA,217860
3EHF3,MSCVITTORIA,89954
3EKA7,HUMENBRIDGE,98747
3EKJ3,MSCSINDY,435720
3EMI4,OSLOTRADER,38070
3EMR8,NYKOCEANUS,98799
3EMX2,MAERSKNESNA,258050
3ENB2,MSCMINA,457482
3ENC5,MSCCANDICE,108930
3ENJ5,MSCASTRIDIII,144328
3ESJ8,MSCNAGOYAV,522145
3ESP7,MSCSVEVA,192237
3ETW2,MSCKALINA,303118
3ETY3,MSCIMMAIII,30495
3EUI7,MSCCAPELLA,424905
3EUO7,ONETREASURE,632073
3EUP7,MSCSONIA,153092
3EVH7,MSCELAINE,95681
3EVM7,MSCEVA,303118
3EVX2,MSCALGHERO,289125
3EVZ8,EVERFAITH,234680
3EWK3,LOSANDESBRIDGE,162564
3EWW7,EVERFORE,232590
3EWX3,SPARKLE,243936
3EXK8,MSCFEBE,465236
3EXO7,MSCGAIA,757795
3EXV8,MSCBERYL,560384
3EXX3,MAERSKNARVIK,77415
3EXX9,MSCALEXANDRA,153115
3EYE,ONEIBIS,577140
3EYL7,MARGARETRIVERBRIDGE,258165
3EZI,MSCMAYA,384474
3FAT3,MSCAURORA,430563
3FAY4,ONEMILANO,452118
3FBD7,MSCFLAVIA,280192
3FBJ9,ONETRUTH,421382
3FBT7,MSCOSCAR,576711
3FCY9,MAERSKNORESUND,258050
3FDA3,MSCARIANE,430563
3FDM4,MSCROSAM,459345
3FER7,MSCSOLA,395313
3FFK4,MSCVALERIA,306230
3FFN5,MSCULSANIII,83745
3FGF9,MSCREGINA,40631
3FIA2,MSCDANIELA,151559
3FIF7,MSCADELAIDE,96375
3FIL2,MSCLONDON,529470
3FIP4,MSCGIANNINAII,256676
3FIW4,ONEHELSINKI,193602
3FIZ,ONEMUNCHEN,151672
3FKA6,POSHOCHIMINH,144680
3FKB,MSCAMBRA,465236
3FKG,MSCEMANUELA,151559
3FKL6,MSCDEILA,306230
3FKQ,MSCPALOMA,459276
3FLE8,MSCMARIASAVERIA,280192
3FLY9,MSCGINA,81262
3FMK3,ONEHANGZHOUBAY,387160
3FMO6,MSCKATIE,280192
3FPV5,MSCLENI,697854
3FQA,MSCZOE,385568
3FQT9,MSCCAMILLE,153092
3FQZ7,PADIAN3,105592
3FRF8,SONGYUNHE,100422
3FRH6,MSCIVANA,263542
3FTU,SEROJALIMA,433410
3FTV6,MSCGULSUN,697854
3FTY3,MSCLUCIANA,395313
3FTY6,SANDIEGOBRIDGE,71787
3FTZ5,STSUCCESS,189728
3FUA2,MSCQINGDAOF,95928
3FUF2,MSCBEATRICE,454677
3FVL4,YMMOVEMENT,790031
3FVW2,ONEHAMBURG,98747
3FXI,MSCFRANCESCA,395313
3FXN9,EVERURBAN,276984
3FYE4,MSCMELATILDE,306184
3FYW9,MSCANIELLO,325048
3FYY8,MSCHAMBURG,352980
3FZD7,PEARLRIVERBRIDGE,292587
3FZR5,MSCLAUREN,420288
3FZW9,MSCCLARA,576711
5BCQ5,"MARIAH, MSCDARDANELLES",301936
5BDF5,MSCBOSPHORUS,377420
5BEM4,NORDLEOPARD,37652
5BEN4,NORDPUMA,18826
5BEX4,MARINAONE,336084
5BFA5,MSCAPOLLO,150968
5BFZ5,ATHENSGLORY,75484
5BJC5,MSCAQUARIUS,150968
5BKE5,SYNERGYOAKLAND,40030
5BLX5,CMACGMNABUCCO,182820
5BLZ6,MSCZAINAIII,28270
5BMP6,MSCINIYAV,48788
5BMS6,MSCRITAV,48788
5BNU6,IRENESRALLY,30221
5BNY6,MSCNEWJERSEYIII,107124
5BQU6,MSCWESTV,204195
5BQY6,ARGOLIKOS,121680
5BZK3,HYUNDAITOKYO,149302
5BZM3,HYUNDAISHANGHAI,149302
5BZN3,HYUNDAIBUSAN,149302
5LAB8,PINOCCHIO,101926
5LAH8,HMMHANBADA,456009
5LAI5,MSCDARESSALAAMIII,25637
5LAK5,MSCVILDAX,92198
5LAK6,MSCELLEN,92198
5LAM6,HMMDAON,608012
5LAM7,HMMHANUL,760015
5LAM9,HMMRAON,760015
5LAQ2,GSLDOROTHEA,198174
5LAQ3,GSLTEGEA,330290
5LAQ8,GSLMARIA,197376
5LAQ9,GSLVIOLETTA,331445
5LAS4,STAR,180035
5LBC6,PORTOKAGIO,331660
5LBE8,HOLSATIA,159764
5LBQ9,MSCTRADERII,252045
5LBR5,GSLKITHIRA,316356
5LBR7,GSLSYROS,263630
5LBR8,GSLTRIPOLI,105452
5LBU2,GSLMAMITSA,28616
5LBU8,MSCRINIIII,54102
5LBU9,MSCCAROLE,113697
5LBX4,MSCVAIGAIII,173562
5LCI2,SEABREEZE,867328
5LCJ8,CONTICONQUEST,271347
5LCL3,MSCYANGR,521105
5LCZ4,YMTOGETHER,1303764
5LDH7,ASSERENA,72492
5LDJ8,UTE,374367
5LDM2,MAERSKCAMBRIDGE,449832
5LDM3,MAERSKCAMDEN,299888
5LDM4,MAERSKCAMPBELL,299888
5LDP3,MSCCASSANDRE,113697
5LDS8,TANGIEREXPRESS,564308
5LDS9,ALQIBLAEXPRESS,423231
5LDT6,MSCALDIIII,87063
5LDU9,MSCFIEX,92198
5LDV8,MSCDIAMONDII,49836
5LDX9,ALULAEXPRESS,705385
5LDZ2,MSCLONGBEACHVI,330995
5LEB8,MSCMARA,152165
5LEB9,MSCVICTORIA,1065155
5LEQ6,YMTRANQUILITY,237048
5LES9,MSCCOLETTEIII,258272
5LEV4,UNAYZAHEXPRESS,846462
5LFB8,MSCBIANCASILVIA,149944
5LFC2,MSCBERANGERE,299888
5LFC3,MSCDARLENE,149944
5LFC4,MSCC.MONTAINE,149944
5LFC6,CONTICRYSTAL,361796
5LFF8,YMTHRONE,118524
5LFO9,MSCFATMA,150783
5LFP2,TAYMAEXPRESS,846462
5LFP3,MSCAAYA,150783
5LFP4,MSCSOFIA,753915
5LFR7,MSCFORTUNEF,49640
5LGE5,MSCFREEPORT,54193
5LGR6,MSCILLINOISVII,74583
5LGV4,YMTRILLION,1185240
5LGW5,MONICA,35602
5LGX7,MSCSOMYAIII,50722
5LHF8,MSCKALAMATAVII,223968
5LHG3,NAVARINO,365416
5LHN2,ADAMASTOS,17785
5LII9,AMALFIBAY,29796
5LIJ8,ALJASRAH,459444
5LIU9,MSCKAYLEY,452349
5LIV6,MSCTAYLOR,904698
5LIV9,MSCAUDREY,301566
5LIW2,MSCMARTINAMARIA,452349
5LJB8,KAPITANAFANASYEV,16542
5LJC2,FESCODIOMID,70500
5LJC4,FESCOSOFIA,35840
5LJE3,MSCCELESTINOMARESCA,708234
5LJE7,KYOTOEXPRESS,93750
5LJL6,STARSHIPNEPTUNE,167982
5LJP3,MSCIRINA,708552
5LJP8,MSCNOAARIELA,1088444
5LJV3,MSCJASMINEX,276594
5LJV4,MSCDENISSEX,184396
5LJV5,MSCDOMNAX,645386
5LJV8,MSCCHIARAX,92198
5LKJ9,RDOACE,564835
5LKS2,ALRIFFA,423231
5LKT9,ALDHAIL,459444
5LKW3,MSCCHIYO,1088444
5LKX3,SALAHUDDIN,306296
5LKZ5,PELION,219516
5LLA7,ALMURABBA,459444
5LLE2,MSCSURABAYAVIII,188644
5LLE3,MSCGIOVANNAVII,161884
5LLI4,JEBELALI,846462
5LLI8,TSINGTAOEXPRESS,187500
5LLJ5,MSCUNIFICVI,69246
5LLJ6,MSCFLORIANAVI,139193
5LLM4,ALMASHRAB,306296
5LLM5,AINSNANEXPRESS,849900
5LLO6,MSCMAPUTO,150308
5LLO9,MELBOURNEBRIDGE,300616
5LLP3,MANZANILLOBRIDGE,75154
5LLQ5,UMMSALAL,987539
5LLS9,MARIAY,747968
5LLT2,GSLEFFIE,1121952
5LLT3,GSLALEXANDRA,280488
5LLT5,KOSTASK,93496
5LLT8,MSCPILARVI,65918
5LLV2,SPARROW,99754
5LLW3,MSCVALENTINA,777460
5LLW4,MSCMETTE,706953
5LLY5,MSCVIVIENNE,777460
5LMA2,BUDAPESTEXPRESS,93750
5LMA3,VIENNAEXPRESS,93750
5LME7,MSCMAGNUMVII,226770
5LMH4,MSCANCONAIII,81312
5LMJ9,ASSIMONE,57366
5LMP4,MSCLYSEV,356741
5LMS8,LITTLEATHINA,133903
5LMT7,YMWELLSPRING,603016
5LMT8,YMWELLBEING,151451
5LMV7,MSCANITA,310984
5LMV8,MSCVICTORINE,155492
5LMV9,MSCCANDIDA,621968
5LMW2,MSCGIUSY,310984
5LMW3,MSCCARMELITA,621968
5LMW4,MSCILENIA,465252
5LMW7,MSCRENV,251004
5LMY2,BFHAMBURG,71786
5LNC3,MSCNURYAG,45387
5LNK6,MSCILARIA,155084
5LNK7,MSCLORENZA,620336
5LNM9,MSCIVA,930504
5LNQ4,MSCMAGNITUDEVII,453540
5LNQ5,MSCNAIROBIX,283206
5LOH9,MSCROSE,152188
5LOK2,YMWONDERLAND,454353
5LOK3,YMWISDOM,454353
5LOS7,ZENITHLUMOS,448575
5LOS8,ZEUSLUMOS,448575
5LOT3,HMMGARNET,380985
5LOW7,MSCMARIAGRAZIA,151702
5LPB9,HOPEC,327393
5LPC4,KAPITANMASLOV,25260
5LPF3,ZIMCONDOR,49877
5LPH8,HUMBOLDTEXPRESS,496048
5LPK5,FRANKFURTEXPRESS,93750
5LPM4,MSCLAUSANNEVI,125404
5LPM6,MSCLELLA,466476
5LPR4,MSCROME,303404
5LPR5,MSCNAPOLI,455106
5LPS6,HMMAMETHYST,507980
5LPV7,"HAWKI, ZIMHAWK",199508
5LPX9,HMMAQUAMARINE,1142955
5LQD5,IQUIQUEEXPRESS,620060
5LQE4,MSCSIJING,21979
5LQE9,MSCCHAEWON,21979
5LQG9,MSCELENOIRE,155084
5LQI4,HMMDIAMOND,507980
5LQI5,HMMEMERALD,1142955
5LQQ8,HMMPERIDOT,1015544
5LRB6,HMMRUBY,1015544
5LRD2,NORWALK,82842
5LRD3,WESTPORT,180778
5LRD9,MSCPALERMO,151702
5LRE4,ARTOTINA,154218
5LRK9,MSCTEMAVIII,75448
5LRL2,MSCCOTONOUVIII,226344
5LRN9,HMMSAPPHIRE,888601
5LRS5,PRAGUEEXPRESS,93750
5LRU6,MSCMARIACRISTINA,155955
5LRW7,ZIMPELICAN,49877
5LRX9,HMMPEARL,888965
5LSB8,HMMTOPAZ,761658
5LSJ2,MSCPANTERA,74875
5LSM8,MSCSIENA,155104
5LSM9,MSCMILAN,151702
5LSP2,SEATRADEECUADOR,18761
5LSU9,HMMOPAL,634715
5LSY3,MSCIVORYCOAST,79103
5LSZ2,MSCVERONA,155104
5LTL3,MSCCARMELA,155955
5LTP5,MSCGABON,79103
5LTT5,HMMTURQUOISE,507772
5LUA7,MSCTOGO,79103
5LUA9,MSCNIGERIA,79103
5LVB4,SHENZHEN,91761
7JUR,ONEMACKINAC,460359
7JVP,ONEMANHATTAN,613812
7JWH,MOLCOURAGE,348052
7JWL,ONECOMPETENCE,174070
7JXG,ONECOMMITMENT,435110
7KBK,ONEOWL,146412
7KBO,ONEMADRID,304136
7KCA,ONEMEISHAN,304136
7KCR,ONESTORK,145251
7KDF,ONEMINATO,152180
7KDP,ONEBLUEJAY,726255
7KEK,ONEEAGLE,145251
7KEP,ONECYGNUS,146694
7KHW,ONEALTAIR,422576
7KIL,ONETHESEUS,230586
7KIX,ONECOLUMBA,440082
7KJE,ONEMANEUVER,78449
7KMG,ONETRIBUTE,640899
7KML,ONETRADITION,640899
7KPZ,ONECONTRIBUTION,348092
7KRR,ONEHONOLULU,96917
9HA2021,CMACGMLIBRA,525328
9HA2146,CMACGMTITAN,262664
9HA2361,CMACGMNERVAL,364420
9HA2742,CMACGMATTILA,182996
9HA2889,CMACGMBIANCA,182996
9HA2907,CMACGMSAMSON,274494
9HA2954,CMACGMMELISANDE,274494
9HA3184,ETOILE,107344
9HA3347,VALOR,381560
9HA3435,VANTAGE,381560
9HA3459,MSCTRIESTE,430563
9HA3461,MSCAJACCIO,285346
9HA3462,MSCAMALFI,190332
9HA3481,ARTOTINA,25703
9HA3483,LEONIDIO,48338
9HA3553,APLDANUBE,385012
9HA3643,CMACGMALEXANDRIA,25406
9HA3731,CMACGMELBE,385012
9HA3739,CMACGMLOIRE,288759
9HA3778,CMACGMRHONE,288759
9HA3793,CMACGMLITANI,290112
9HA3801,CMACGMTIGRIS,483520
9HA3845,CMACGMURAL,386816
9HA3846,CMACGMVOLGA,96704
9HA3851,CMACGMTHAMES,385012
9HA3973,CMACGMARKANSAS,287040
9HA4024,NAVARINO,182708
9HA4040,COSCOHELLAS,436596
9HA4042,ZIMYANTIAN,327447
9HA4043,ZIMSHANGHAI,436596
9HA4132,CMACGMOHIO,382720
9HA4133,CMACGMNIAGARA,382720
9HA4199,CMACGMTANYA,95680
9HA4412,CMACGMRODOLPHE,481115
9HA4648,CMACGMXIAMEN,227256
9HA4652,CMACGMLISAMARIE,384892
9HA4766,APLFLORIDA,145408
9HA4767,CMACGMJEANGABRIEL,481115
9HA4773,APLCALIFORNIA,363520
9HA4971,CMACGMCENDRILLON,90931
9HA4972,CMACGMLYRA,525328
9HA4979,CMACGMCORAL,398480
9HA4980,CMACGMAMBER,398480
9HA4988,CMACGMSWORDFISH,108618
9HA4989,CMACGMANDROMEDA,525328
9HA4990,CMACGMVIRGINIA,108618
9HA4991,ANLWANGARATTA,119718
9HA4998,CMACGMNEWJERSEY,162927
9HA5004,CMACGMTARPON,108618
9HA5005,CMACGMFLORIDA,108618
9HA5006,CMACGMCALLISTO,393996
9HA5007,CMACGMCASSIOPEIA,393996
9HA5008,CMACGMBENJAMINFRANKLIN,179922
9HA5009,CMACGMZHENGHE,359844
9HA5017,CMACGMALEXANDERVONHUMBOLDT,529638
9HA5018,CMACGMAQUILA,131332
9HA5019,CMACGMGEORGFORSTER,177381
9HA5020,CMACGMCENTAURUS,262664
9HA5021,CMACGMWHITESHARK,217236
9HA5027,CMACGMGEORGIA,217236
9HA5044,CMACGMLASCALA,181862
9HA5066,CMACGMARGENTINA,298628
9HA5178,APLQINGDAO,113735
9HA5181,VIRGO,82450
9HA5189,CMACGMALASKA,561036
9HA5265,CNCJUPITER,205172
9HA5273,CMACGMTENERE,452532
9HA5325,CMACGMSCANDOLA,301688
9HA5346,CMACGMNORMA,107711
9HA5398,CMACGMIGUACU,452532
9HA5406,CMACGMAMERIGOVESPUCCI,1060122
9HA5437,CMACGMCAIMEP,324328
9HA5460,CMACGMJULESVERNE,529305
9HA5466,CMACGMHOPE,1206264
9HA5470,CNCBANGKOK,89535
9HA5475,APLTURKEY,143574
9HA5478,FORTDESAIX,42609
9HA5479,CMACGMUNITY,301566
9HA5482,CMACGMBALI,603376
9HA5500,CMACGMVELA,514400
9HA5502,CMACGMDIGNITY,1206264
9HA5503,CMACGMINTEGRITY,1206264
9HA5504,CMACGMLIBERTY,1357047
9HA5560,CMACGMAPOLLON,774975
9HA5583,CMACGMADONIS,1083873
9HA5601,CMACGMARCTIC,1357596
9HA5606,CMACGMFIDELIO,215796
9HA5635,CMACGMNANTONG,420200
9HA5650,CMACGMPRIDE,1206264
9HA5658,CONTICONTESSA,723592
9HA5697,CMACGMGANGES,189460
9HA5711,CNCPLUTO,244738
9HA5724,CMACGMVITORIA,53672
9HA5860,CMACGMRIMBAUD,142224
9HA5881,CMACGMLISBON,289793
9HA5894,CMACGMVALENCIA,279384
9HA5896,CMACGMINNOVATION,292532
9HA5903,CMACGMGRACEBAY,154598
9HA5904,CMACGMCAPECOD,309196
9HA5905,CMACGMCEDRUS,463794
9HA5913,INTERASIAACCELERATE,145792
9HA5933,CMACGMLEGACY,292532
9HA5951,CMACGMIVANHOE,222498
9HA5956,CMACGMBOLDNESS,73133
9HA5971,PRESIDENTGRANT,59052
9HA5973,CMACGMAMBITION,219399
9HA5974,CMACGMENDURANCE,365665
9HA5990,CATHERINEC,218415
9HA5994,GREENVILLE,145610
9HA5996,GREENFIELD,145610
9HA5997,CMACGMHARMONY,146266
9HA5999,CMACGMWISDOM,73133
9HA6001,CMACGMDALILA,90931
9HA6015,CMACGMRUNDALE,32245
9HA6018,PRESIDENTREAGAN,59052
9HA6035,CMACGMPOINTEDUPITON,149442
9HA6036,CMACGMPOINTEPERCEE,74721
9HA6048,PRESIDENTHWBUSH,59052
9HA6053,CMACGMNANSHA,75015
9HA6063,DELOSWAVE,28616
9HA6068,CMACGMALMAVIVA,361436
9HA6072,CMACGMVISBY,32245
9HA6093,PRESIDENTMONROE,59052
9HA6119,CMACGMCONGO,102931
9HA6124,PRESIDENTLBJOHNSON,59052
9HA6139,CMACGMSINTRA,32245
9HA6140,PRESIDENTCARTER,59052
9HA6168,CMACGMADVENTURE,73133
9HA6212,KUOLIN,18826
9HA6237,CMACGMIRON,128060
9HA6238,CMACGMCOBALT,128060
9LS2043,HISTORYELIZABETH,18321
9LS2044,HISTORYMARIA,18017
9LS2047,KAPITANSHCHETININA,25260
9LS2051,KAPITANMISKOV,25260
9LS2052,KAPITANMASLOV,25260
9LS2055,FESCODALNEGORSK,71680
9LU2672,VLADIVOSTOK,33084
9M2385,MTTSAPANGAR,57876
9V2089,"MAERSKSANVICENTE, SANVICENTE",379720
9V2332,CHRISTASCHULTE,207488
9V2333,CLEMENSSCHULTE,259360
9V2334,CARLSCHULTE,259360
9V2792,EVERSAFETY,381305
9V2812,GFSGISELLE,359096
9V5023,KALAMAZOO,77944
9V5027,TALLAHASSEE,97430
9V5242,MAERSKSINGAPORE,374044
9V5243,MAERSKSEVILLE,467555
9V5245,MAERSKSANTANA,654577
9V5255,MAERSKSHAMS,285615
9V5256,MAERSKSIRAC,190410
9V5283,DALI,95128
9V5392,MAERSKHONGKONG,461322
9V5395,MAERSKHALIFAX,476824
9V5600,MAERSKHIDALGO,461319
9V5601,MAERSKHANOI,307546
9V5602,MAERSKHANGZHOU,307546
9V5675,ALSFLORA,80974
9V5997,MAERSKSALTORO,285384
9V5998,CEZANNE,285384
9V6171,MAERSKMEMPHIS,373210
9V6205,CHASTINEMAERSK,368792
9V6221,MAERSKGAIRLOCH,101372
9V6256,EVERSUPERB,76185
9V6458,MAERSKYUKON,456176
9V6464,MAERSKEMERALD,852726
9V6465,MAERSKEUREKA,710605
9V6597,YMTRUST,474096
9V6839,MAERSKMONTEOLIVIA,207396
9V6988,MAERSKVALENCIA,36654
9V6990,BOTANY,28270
9V7010,MAERSKHUACHO,307488
9V7017,X-PRESSODYSSEY,388248
9V7053,WANHAI622,71837
9V7112,ONEMANCHESTER,303344
9V7258,KOTALAGU,79812
9V7268,MAERSKNACALA,76776
9V7301,MAERSKYOSEMITE,128397
9V7412,WANHAIA12,366135
9V7754,MAERSKWALLIS,321320
9V7838,KOTACARUM,76633
9V7962,EVERULYSSES,276984
9V7963,EVERUNICORN,484722
9V7977,EVERFORWARD,469360
9V7978,EVERFUTURE,117340
9V7980,EVERFRANK,117340
9V8001,PACIFICBUSAN,43020
9V8011,PACIFICTIANJIN,14928
9V8218,SWANRIVERBRIDGE,258555
9V8345,X-PRESSANTARES,69508
9V8494,WANHAI331,256960
9V8495,WANHAI332,192720
9V8565,MAERSKFREDERICIA,57872
9V8572,CNCSULAWESI,243412
9V8584,MAERSKSANCHRISTOBAL,189860
9V8628,ALSLUNA,366800
9V8721,MHPERSEUS,73172
9V8722,X-PRESSCARINA,585376
9V8724,MAERSKELBANCO,511328
9V8739,NYKFUTAGO,314475
9V8741,NYKFUSHIMI,224270
9V8972,X-PRESSCASSIOPEIA,512204
9V9091,MAERSKSANCLEMENTE,189860
9V9167,X-PRESSPHOENIX,439032
9V9287,EVERLAUREL,499975
9V9370,MAERSKELPALOMAR,127832
9V9373,APLCHONGQING,796145
9V9375,APLLEHAVRE,227470
9V9401,APLYANGSHAN,515716
9V9404,APLDUBLIN,386787
9V9408,MAERSKCAMEROUN,50869
9V9413,MAERSKHAVANA,461319
9V9625,ONESPARKLE,139588
9V9724,EVERLEGEND,99995
9V9725,EVERLEGION,99995
9V9755,YMWELLBEING,454353
9V9757,YMWARRANTY,452262
9V9804,CHARLOTTESCHULTE,363104
9V9920,APLCOLUMBUS,109699
9V9921,APLHOUSTON,219424
9V9923,APLCHARLESTON,438796
9V9924,APLSANTIAGO,219424
9V9952,ONEMUNCHEN,303344
9V9990,ZIMWILMINGTON,189568
9V9992,EAJERSEY,48077
9VAJ5,HUMENBRIDGE,98747
9VAT9,ONEHARBOUR,296241
9VBN2,MAERSKALFIRK,766738
9VDA8,TSSHANGHAI,73172
9VEN2,MAERSKALTAIR,109534
9VFK9,LUDWIGSCHULTE,73284
9VFL3,ACXDIAMOND,581200
9VFV4,MAERSKTAURUS,376220
9VFV5,MAERSKALGOL,766738
A8CF3,MSCMANU,39941
A8EG9,HALLEY,134165
A8EI4,YMWEALTH,64254
A8HZ5,MSCUTMOSTVIII,903890
A8IE7,MSCKUMSAL,366596
A8IE8,MSCTOKYO,183298
A8IE9,MSCTEXAS,458245
A8IM4,MSCDURBANIV,508584
A8IU6,MSCSTARR,37113
A8IX9,MSCMARGARITA,67466
A8JE8,MSCKYMEAII,221760
A8JR6,MSCHANISHAIII,26833
A8JX3,MSCKILIMANJAROIV,160440
A8KY3,MARTINIQUE,28927
A8KY8,IRENESRAY,177865
A8LN2,ARCHER,250011
A8MW8,MSCGENERALIV,125505
A8NM6,APLNEWJERSEY,287148
A8OK3,TONGALA,40030
A8OR4,MSCUBERTYVIII,90507
A8OR7,YMUTILITY,90507
A8OR8,YMUNIFORM,905070
A8PA8,MSCAMEERAIII,144028
A8PI5,MSCARIAIII,56194
A8PT6,FSIPANEMA,42530
A8RB5,KASSIAKOS,81120
A8RV5,BACH,35991
A8SE4,ESLWASL,303008
A8SI5,ZIMNINGBO,182316
A8SI6,"ANTWERP, ZIMANTWERP",342068
A8SI7,"SANDIEGO, ZIMSANDIEGO",273474
A8SI8,ROTTERDAM,228024
A8SJ2,TIANJIN,342132
A8SV8,ASNARA,36007
A8SV9,NORTHERNDEMOCRAT,36007
A8TL8,MSCCORDELIAIII,114384
A8TR7,BIGGEORGE,1300449
A8UC5,MERKURARCHIPELAGO,41331
A8UE8,ZIMBALTIMORE,40741
A8UL6,NAVIOSMIAMI,289506
A8UX4,MSCSAVONA,459345
A8VA4,SOFIAI,162546
A8VC7,MSCFOLEGANDROSVI,198996
A8WZ8,JANRITSCHER,77115
A8XY5,YMMUTUALITY,614296
A8YC3,EXPRESSATHENS,113973
A8YD3,MSCBARI,765575
A8YT7,MALIAKOS,41391
A8ZE4,MSCTARANTO,153115
AWZB,MOGRAL,36603
AWZH,VARADA,40952
BKIF,EVERLOGIC,499975
BKIZ,EVERLOYAL,99995
BLHM,YMUBIQUITY,90532
BLHQ,YMUNIFORMITY,91586
BPAP,XINPUDONG,531464
BPBC7,ZHONGGUJINAN,381262
BPCK9,ZHONGGUFUZHOU,54466
BPCR7,ZHONGGUHANGZHOU,217864
BPHR4,ZHONGGUCHONGQING,163152
BPLN6,RENJIAN17,168448
BPLY3,ZHONGGUGUIYANG,108768
BQOJ,RENJIAN19,40952
BQOM,RENJIAN20,421100
BQQI,RENJIAN23,80974
BQQR,RENJIAN25,210560
BQTL,ZHONGGUZHUHAI,28433
C4NK2,PUSANC,108069
C4TB2,MSCLILOUIII,1003072
C4VG2,MSCNADIAIV,76664
C6DB5,KUOLIN,56478
C6EK6,CMACGMHYDRA,771600
C6EK7,CMACGMMUSCA,128600
C6EK8,CMACGMMARCOPOLO,882730
C6FI7,LIMAEXPRESS,496048
C6FI8,POSORJAEXPRESS,620060
C6GG9,SUNNYPHOENIX,39941
C6HB6,CMACGMBUTTERFLY,333747
C6TI4,MARVEL,102657
C6TN2,MAGNA,507882
C6WD9,MOLCREATION,346768
C6WN8,MOLCHARISMA,953612
C6WW7,MOLCELEBRATION,433460
CQ2074,MSCLAGOSX,94402
CQ2076,ROMEEXPRESS,565312
CQ2077,SOUTHAMPTONEXPRESS,423984
CQ2117,MSCLOMEV,47877
CQ2119,ZIMYANGTZE,104456
CQ2136,ESLDANA,443604
CQ2146,COLORADO,52228
CQ2152,ESLSANA,369670
CQ2187,ALSJUNO,440160
CQ2247,ESLWAFA,517538
CQ2275,MSCDOUALAVIII,150896
CQ2420,MSCADUV,109038
CQAA2,ASCALIFORNIA,85020
CQAB5,ASSOPHIA,126861
CQAG7,NORTHERNJAVELIN,94407
CQAO7,MSCPRECISIONV,191420
CQAR5,ESLOMAN,66280
CQAT8,SPIRITOFDUBAI,10308
CQCZ,ESLBUSAN,227256
CQEB,BUXCOAST,72760
CQEB7,MSCAURIGA,448575
CQEB8,MSCORION,598100
CQEB9,MSCVIRGO,299050
CQEE7,MSCBUSAN,364092
CQEF4,MSCCHARLESTON,182046
CQEP5,MSCBASELV,571298
CQEP6,MSCBERNV,40807
CQEQ8,MSCANUSHAIII,76664
CQEU7,MSCLETIZIA,288993
CQEW3,MSCSIYAB,455312
CQEY5,MSCGISELLE,94469
CQGL,MSCODESSAV,247986
CQGO,MSCMARITINAV,50736
CQHM,ESLNHAVASHEVA,177921
CQHO,HERTA,118614
CQID5,MSCMICHELA,95514
CQID6,MSCCLEA,95514
CQIP3,MSCSHREYAB,339336
CQIP4,MSCNITYAB,226224
CQIP9,MSCJASPERVIII,283221
CQIQ5,NORTHERNJUBILEE,188838
CQIY7,MSCJUSTICEVIII,188838
CQIZ,MSCVIGOURIII,109748
CQIZ9,OLIVIA,17769
CQQR,MSCAGAMEMNON,180236
CQRC,MSCHOUSTONV,44768
CQRD,MSCRIDAVIII,189022
CQRK,MSCBRIDGEPORT,356388
CQSA,MSCBREMERHAVENV,148431
CQSP,MSCAZRA,304376
CQXO,DANUBE,104456
CQYL,MSCBRANKA,191028
CQZL,MSCPALAK,97805
CQZO,MSCDESIREE,97805
CRZJ,GANGES,261140
CRZL,MISSISSIPPI,52228
D5AN2,METHONI,442914
D5AX9,NOBILITY,89982
D5BA3,PELICAN,50310
D5BL4,MSCMONTEREY,305778
D5BU6,AMBITION,563916
D5BU7,MSCCRISTINA,141635
D5CC6,JAKARTAEXPRESS,48799
D5CE3,GSLCHLOE,764846
D5CF5,GSLCHRISTELELISABETH,130494
D5CX8,HYUNDAIPRESTIGE,157401
D5DG4,PANDA006,213336
D5DG9,HYUNDAIPREMIUM,157401
D5DJ5,MSCBAYIV,39941
D5DN9,QINGDAOTOWER,39941
D5DQ8,HYUNDAIPARAMOUNT,157401
D5DV4,TOCONAO,386512
D5DW8,GSLELEFTHERIA,119715
D5DY5,HYUNDAIPRIVILEGE,314802
D5EC4,HYUNDAIPLATINUM,209868
D5ES9,MSCCHERYL3,76890
D5EV9,TRANCURA,579768
D5FE7,YMMODESTY,359105
D5FL8,MSCALINA,284790
D5FL9,MSCSOFIAPAZ,94930
D5FN8,TYNDALL,579768
D5GZ3,CCNIARAUCO,285414
D5GZ4,CCNIANGOL,95138
D5HE9,COCHRANE,468425
D5HF5,COYHAIQUE,281055
D5HJ4,YMEXPRESS,47952
D5HU7,MSCLARAIII,28596
D5IC7,"CSLMANHATTAN, MSCMANHATTANV",600512
D5IH3,ALE,71162
D5IN3,CCNIANDES,380552
D5IR3,MSCOLIA,395901
D5IR7,MSCTAVVISHIVI,66526
D5IR9,IANH,133052
D5IS4,ZIMNORFOLK,472080
D5IS6,ZIMXIAMEN,472080
D5JH6,MAERSKSARAT,374808
D5JH7,MAERSKSKARSTIND,281106
D5JH8,MAERSKSHIVLING,674968
D5JI7,SUEZCANAL,480809
D5JQ4,MSCCATHERINEVI,75201
D5KG9,MSCLEOVI,75201
D5KM4,MSCSHAULA,207344
D5KX8,MSCDIANA,388500
D5KX9,MSCINGY,580467
D5KY2,MSCELOANE,582750
D5LH5,LIDIA,72966
D5LH6,MSCJADE,582924
D5LI6,MSCMIRJA,388616
D5LL2,MSCISTANBUL,176490
D5LP2,MSCDITTE,777232
D5LQ2,MSCREEF,388616
D5MA7,KURE,162976
D5MF8,MSCMIRJAM,386978
D5MF9,MSCRIFAYA,580467
D5MG2,MSCLEANNE,388500
D5ML4,MSCERICA,777232
D5NB7,MSCTINA,777232
D5ND7,MSCVIVIANA,187587
D5NI2,MSCTOPAZ,283508
D5NJ4,MSCRUBY,141754
D5NX2,ATHOS,226824
D5NX3,NAVIOSCONSTELLATION,113412
D5OA3,MSCAVNI,103515
D5OA4,NAVIOSUNISON,113412
D5OD8,SMMUMBAI,400290
D5OE8,MSCCARLOTTA,103515
D5OS4,MARIAC,324036
D5OX5,YMPLUM,385524
D5OZ5,MSCGAYANE,103515
D5PE6,MSCPAOLA,75936
D5PL3,MSCNATASHAXIII,141649
D5PZ5,ASSUSANNA,36246
D5QC7,SEOULGLOW,54369
D5QE3,CMACGMMISSISSIPPI,102931
D5QH6,MSCEMMA,424947
D5QH7,MSCELISAXIII,424947
D5QI4,GSLELENI,83133
D5QI5,GSLGRANIA,166266
D5QI6,GSLKALLIOPI,83133
D5QU4,TORRESSTRAIT,126861
D5QY9,HOUSTONEXPRESS,149475
D5QZ2,VANCOUVEREXPRESS,149475
D5SG2,MSCYORKVII,74661
D5SI4,MSCDARWINVI,132556
D5SI8,MSCSYDNEYVI,397668
D5TL3,MSCJOSSELINE,281952
D5TL4,MSCJEWEL,281952
D5TM2,MSCFAITH,140976
D5TM3,MSCKANOKO,422928
D5TZ4,CMACGMSANFRANCISCO,151180
D5UA5,MSCQINGDAO,178194
D5UA6,MSCTIANJIN,89097
D5UC8,"TAMPAI, ZIMTAMPA",223983
D5UJ6,GSLNINGBO,89097
D5UY6,CONTIMAKALU,90745
D5VP6,GSLNICOLETTA,526407
D5VS5,ASIANACE,109962
D5VS6,MSCYOKOHAMA,166266
D5VU9,VELA,41225
D5VV2,VOLANS,41225
D5VZ3,MSCTIANSHAN,274947
D5WA5,GSLCHRISTEN,225603
D5WI2,MAERSKKWANGYANG,32828
D5WM7,CHAMBURG,91203
D5WM8,BREMEN,91203
D5WM9,MSCIDAII,78150
D5WP9,MSCANDREAF,19914
D5WW3,"PUSAN, ZIMPUSAN",132556
D5XC3,YMTRIUMPH,926088
D5XC4,YMTRUTH,115761
D5XC6,YMTARGET,926088
D5XC7,YMTIPTOP,926088
D5YJ5,MSCALESSIA,75590
D5YO8,PONA,139840
D5YS9,HMMNURI,456009
D5YU6,MARIANNAI,242826
D5YU7,EPAMINONDAS,161884
D5YY9,HMMGAON,608012
D5YZ2,HMMGARAM,456009
D5ZG3,MSCKANUF,156651
D5ZR3,MSCAPOLLINE,915144
D5ZR4,MSCAMELIA,686358
D5ZV9,HANSAHARBURG,54963
D5ZW2,HANSABITBURG,91605
D5ZY3,MSCDILETTA,457572
D5ZY4,MSCMICHELLE,228786
D5ZY5,MSCALLEGRA,686358
D5ZZ8,HMMMIR,608012
D7AJ,HAKATAVOYAGER,7447
D7BT,SMBUSAN,824582
D7CL,SMQINGDAO,366669
D7CU,HMMTACOMA,145194
D7CX,"HMMVANCOUVER, HYUNDAIVANCOUVER",363170
D7DG,SMTIANJIN,210550
D7DR,HMMDREAM,570480
D7DS,HMMOAKLAND,72597
D7DV,HMMDRIVE,285240
D7EF,SMKWANGYANG,824582
D7EL,HMMHELSINKI,684849
D7EV,HMMPROMISE,684138
D7EW,HMMBLESSING,456092
D7FG,SMNINGBO,449772
D7FP,SMLONGBEACH,749620
D7FS,SMYANTIAN,750610
D7GO,SMSHANGHAI,674154
D7GW,HYUNDAIGOODWILL,212400
D7HB,HMMBANGKOK,225924
D7HC,HMMCOLOMBO,75308
D7HI,HYUNDAIINTEGRAL,212400
D7HJ,HYUNDAIJAKARTA,150616
D7HP,HMMHOPE,427860
D7HU,GRACEBRIDGE,327114
D7HV,HMMVICTORY,285240
D7IA,BEIJINGBRIDGE,272595
D7IB,HMMROTTERDAM,696933
D7IS,HMMDUBLIN,684849
D7JI,HMMALGECIRAS,456566
D7JL,HMMGDANSK,456566
D7JM,HMMHAMBURG,684849
D7JP,HMMSTOCKHOLM,696933
D7JQ,HMMLEHAVRE,228283
D7JR,HMMCOPENHAGEN,684849
D7JS,HMMSOUTHAMPTON,696933
D7JW,HMMOSLO,696933
D7JX,HMMSTPETERSBURG,464622
D7KC,KMTCCHENNAI,122694
D7LT,HMMMANILA,24181
D7SB,DONGJINVOYAGER,204149
D7SD,KMTCMANILA,40898
D7SG,KMTCNHAVASHEVA,40898
D7SH,KMTCJEBELALI,81796
D7SP,PANCONCHAMPION,167454
D7VN,KMTCCOLOMBO,150976
D7WG,HECAN,374604
D7WN,KMTCDELHI,368900
D7WQ,SMPORTLAND,285873
D8HP,HMMPRIDE,285240
DCOD2,LINAH,459444
DCQP2,ESSENEXPRESS,716310
DCUJ2,CHICAGOEXPRESS,375244
DDAS2,BARZAN,586908
DDIT2,BANGKOKEXPRESS,229376
DDOQ2,ULSANEXPRESS,429786
DDOR2,LUDWIGSHAFENEXPRESS,429786
DDXA2,ALZUBARA,586908
DFDG2,ZIMNEWARK,431396
DFDH2,ZIMHONGKONG,539245
DFGA2,ALNASRIYAH,612592
DFGN2,BASLEEXPRESS,573048
DFKM2,DORTMUNDEXPRESS,429786
DFNB2,KUALALUMPUREXPRESS,93811
DFPG2,CMACGMORFEO,667494
DGLM,TIHAMA,586908
DGXS2,RIODEJANEIROEXPRESS,494240
DIDK2,MSCGENOVA,768665
DIFL2,ALJMELIYAH,459444
DIGO2,BRUSSELSEXPRESS,459672
DIGX2,MSCLASPEZIA,153733
DIGY2,MSCLIVORNO,153733
DIIC2,MONTEVIDEOEXPRESS,617800
DIKI2,UMMQARN,612592
DINY2,AFIF,459444
DIXJ2,NEWYORKEXPRESS,1002834
DIXP2,BUENOSAIRESEXPRESS,617800
DJAZ2,HONGKONGEXPRESS,429786
DJBF2,SHANGHAIEXPRESS,716310
DJCE2,ANTWERPENEXPRESS,286524
DJDS2,LEVERKUSENEXPRESS,429786
DPAI,ALDAHNAEXPRESS,586908
DPAK,ALNEFUD,586908
DPAN,ALMURAYKH,586908
DSEK9,HEUNG-AULSAN,14742
DSRA2,SINOKORNIIGATA,6490
FLSU,CMACGMALMAVIVA,89787
FMEL,CMACGMTOSCA,91410
FMFR,CMACGMMEDEA,215422
FMPR,CMACGMKIMBERLEY,461721
FMPS,CMACGMEVERGLADE,769535
FMPU,CMACGMGREENLAND,461721
FMYR,CMACGMMAUI,463794
FMYS,CMACGMBIGSUR,463794
FNAC,CMACGMFORTJAMES,73133
FNAD,CMACGMSAINTEANNE,146266
FNXX,CMACGMPETRA,149284
H8KT,MSCCANBERRAIII,58362
H8ON,GRACEMERCHANT,13344
H8RY,MSCOLIVER,576711
H9BB,ONEMONACO,150706
H9BV,MSCARINA,457482
H9CF,EVERFAME,116295
H9EW,YMMODERATION,718210
H9ND,RUNLONG,44406
H9NL,ONECRANE,144285
HOCR,MSCDAMLA,149061
HODU,MSCBARBARA,295276
HOFP,MSCNEWYORK,176490
HOKN,MSCSHANELLEV,109038
HP2652,MSCSIXIN,228741
HP6643,MSCMIA,697854
HP7585,MSCNELA,686223
HPAF,MSCLUDOVICA,453540
HPDM,MAERSKESMERALDAS,708770
HPFG,MSCBETTINA,151559
HPFH,MSCFLORENTINA,226770
HPMP,MSCMAUREEN,226770
HPSB,MSCMARINA,369095
HSB3403,WANABHUM,169267
HSB8290,ZIMTHAILAND,118523
HSB8544,ZIMBANGKOK,592615
J8B6570,VALENCE,27437
KDAB,APLOCEANIA,462125
KGMQ,APLISLANDER,422256
KPES,PRESIDENTEISENHOWER,331176
KPGK,PRESIDENTGRANT,708624
KPJG,PRESIDENTLBJOHNSON,177156
KPJQ,PRESIDENTJQADAMS,708624
KSFF,MAERSKSARATOGA,24488
MEDZ7,HYUNDAINEPTUNE,774424
MEDZ8,HYUNDAIPLUTO,663792
MEED8,HYUNDAIJUPITER,885056
MGGA2,HYUNDAISATURN,553160
MGGA4,HYUNDAIEARTH,774424
MGGA6,HYUNDAIMARS,442528
MIFV2,ZEPHYRLUMOS,448575
MIIH2,ZEALLUMOS,448575
MLBD9,EVERSMART,304740
MMBQ4,MAERSKCAMPTON,449832
MMBQ7,MAERSKCANDOR,449832
MMBS2,MAERSKCANYON,299888
MOEK5,CELANDINE,75392
OUHC2,COLUMBINEMAERSK,91921
OUMN2,CARSTENMAERSK,92198
OUMO2,CORNELIUSMAERSK,92198
OUMQ2,A.P.MOLLER,92198
OUQK2,CLEMENTINEMAERSK,367684
OUWM2,CAPESOREL,188398
OUWO2,CAPESERRAT,134570
OWCH2,MUNICHMAERSK,642858
OWGK2,MILANMAERSK,428572
OWJE2,MARYMAERSK,389698
OWJI2,MAGLEBYMAERSK,584547
OWKF2,JOSEPHINEMAERSK,150830
OWLD2,CHARLOTTEMAERSK,368792
OWLW2,MORTENMAERSK,389698
OWMD2,MADRIDMAERSK,642858
OWNL2,MONACOMAERSK,428572
OWPP2,MANILAMAERSK,428572
OWPU2,MARSEILLEMAERSK,428572
OWQZ2,MERETEMAERSK,194849
OWRS2,METTEMAERSK,389698
OWSC2,MOGENSMAERSK,389698
OWSE2,MAASTRICHTMAERSK,642858
OWTB2,MURCIAMAERSK,642858
OWTG2,MARENMAERSK,584547
OWUJ2,MARCHENMAERSK,389698
OWWS2,CORNELIAMAERSK,367684
OWYZ2,MARGRETHEMAERSK,389698
OXBD2,SANTAURSULA,433005
OXCH2,SANTABARBARA,259803
OXGX2,RHONEMAERSK,101770
OXHW2,EBBAMAERSK,171542
OXLT2,MAERSKEDINBURGH,708580
OXSQ2,MAERSKESSEX,566864
OXVS2,MAERSKEVORA,708580
OYAU2,GUDRUNMAERSK,98648
OYCY2,GRETEMAERSK,295944
OYGH2,GJERTRUDMAERSK,295944
OYGM2,GERDMAERSK,690536
OYHL2,MAERSKELBA,566864
OYJO2,NORDAGERMAERSK,262550
OYLY2,NUUKMAERSK,288805
OYLZ2,NAKSKOVMAERSK,105020
OYOS2,SKAGENMAERSK,368792
OYRO2,CLIFFORDMAERSK,460990
OZDA2,MAERSKBROOKLYN,48788
OZGB2,MAERSKLAGUNA,89174
OZHS2,SALLYMAERSK,460990
OZHV2,ANTONIAMAERSK,516279
OZIB2,MAERSKLONDRINA,360428
OZJF2,MAERSKLABERINTO,447525
OZJI2,MAERSKLETICIA,178348
OZJM2,MAERSKLIMA,356696
OZKL2,ASTRIDMAERSK,516279
P3VZ9,EUROPE,362580
S6LT3,APLSINGAPURA,169423
S6LT4,APLESPLANADE,304700
S6NQ,APLFULLERTON,673692
SVBY3,SPEED,281958
UARA3,IPANEMA,42530
UASA8,KAPITANMALAKHOV,7545
UBIY3,FESCOTATARSTAN,22680
UBOW6,FESCOYANINA,266616
V2CW5,LANTAUBAY,48050
V2DV4,ASCHRISTIANA,680928
V2EE9,ASPIA,27114
V2GK7,MCCSHENZHEN,88845
V2HL7,BFTIGER,228736
V2HR4,HELGOLAND,149440
V2HR7,PANAY,18491
V2HT2,PALAWAN,55473
V7A2661,INCEDA,95175
V7A2725,SYNERGYBUSAN,39984
V7A2726,SYNERGYANTWERP,39984
V7A2823,TSSINGAPORE,42504
V7A2935,INFERRO,304560
V7A4533,CONFIDENCE,9972
V7A4687,GFSGALAXY,529228
V7A4772,SCOSHANGHAI,198772
V7A4947,BRICKELL,38320
V7A4977,CONSILIA,478656
V7A5131,MANZANILLOEXPRESS,494240
V7A5133,ITAJAIEXPRESS,494240
V7A5135,BUENAVENTURAEXPRESS,494240
V7A5227,PRESTIGE,143618
V7A5639,GREGOS,58842
V7A5640,TENDERSOUL,117684
V7A6421,IRENESREWARD,30221
V7A6435,TSSHANGHAI,439032
V7A6462,ANAXAGORAS,29914
V7A6545,TSHONGKONG,73172
V7A6583,TSDUBAI,292688
V7A6698,KOTACALLAO,73172
V7A7274,TSTACOMA,148290
V7A7348,TSMUNDRA,59316
V7A7350,TSMELBOURNE,29658
V7AA9,HANSAAUSTRALIA,38388
V7AZ4,TSBANGKOK,17449
V7BP8,CAPTAINTHANASISI,257328
V7EM7,ZIMWILMINGTON,94784
V7EY4,HYUNDAIBRAVE,191362
V7EY9,ELENIT,80060
V7FQ3,TASMAN,133052
V7FQ8,ONETRIUMPH,636663
V7GN7,SANFELIPE,482911
V7GN9,SANFELIX,289158
V7GO6,SANFRANCISCA,96386
V7GQ8,WIDEHOTEL,363104
V7LC6,DELOSWAVE,57232
V7LF7,ONETRUST,848884
V7PP4,HYUNDAICOURAGE,478405
V7PS7,HYUNDAIFAITH,382724
V7PT8,HYUNDAIFORCE,287043
V7PX2,HYUNDAIFORWARD,157743
V7PX6,HYUNDAIUNITY,157743
V7QC3,HYUNDAIGRACE,315486
V7QI4,HYUNDAIDYNASTY,105162
V7QJ9,HYUNDAIVOYAGER,210324
V7QL3,HYUNDAISUPREME,157743
V7SG5,ONEMAGNIFICENCE,391580
V7SV4,ONEMAJESTY,391580
V7TU3,ONEMAXIM,391580
V7UP3,ONEMARVEL,313264
V7VG6,ONEMOTIVATOR,391580
V7VS5,ONEMISSION,313264
V7VS6,ONEMODERN,78316
V7YB6,CALIDRIS,681682
V7ZQ9,ERASMUSLEO,146440
VRCS2,CSCLZEEBRUGGE,432276
VRCZ7,CSCLLONGBEACH,540345
VREM7,SEASPANLIMA,26404
VRFB4,MAERSKNEWDELHI,26532
VRFO2,MAERSKNINGBO,79212
VRGI8,SEASPANGUAYAQUIL,105616
VRGM7,COSCOPHILIPPINES,182102
VRIV3,COSCOPRIDE,709115
VRJA4,COSCOHARMONY,283646
VRJL6,COSCOFAITH,567292
VRKE9,COSCOFORTUNE,567292
VRKR6,COSCOFOS,1536986
VRLJ2,OOCLPOLAND,705015
VRLQ3,OOCLMEMPHIS,366252
VRLQ4,OOCLFRANCE,141795
VRLT8,COSCOBELGIUM,309184
VRLZ3,OOCLEGYPT,2263696
VRMC2,COSCOFRANCE,614664
VRMD3,MAERSKVIRGINIA,152058
VRME7,OOCLMALAYSIA,2126925
VRNA8,SEASPANYANGTZE,112967
VRNA9,SEASPANTHAMES,112967
VRNE4,COSCOITALY,2164288
VRNF7,SEASPANZAMBEZI,451868
VRNI6,COSCOPORTUGAL,2164288
VRNJ2,SEASPANBRAVO,113042
VRNL2,SEASPANBRILLIANCE,565210
VRNL8,SEASPANBREEZE,452168
VRNL9,SEASPANBRIGHTNESS,565210
VRNY4,YOKOHAMAEXPRESS,113505
VRNY5,"CMACGMTUTICORIN, XIAMENEXPRESS",340527
VROB9,SEASPANBEACON,452168
VROC3,YMWISH,725947
VROD3,SEASPANBELIEF,452168
VROG7,SEASPANBEAUTY,452168
VROG8,SEASPANBELLWETHER,565210
VROH8,YMWELLHEAD,581296
VROH9,YMWONDROUS,435972
VROI2,YMWORLD,433953
VROL6,YMWITNESS,435972
VROL7,YMWINNER,434626
VROO3,YMWELLNESS,726620
VROO4,YMWHOLESOME,871944
VROO5,YMWARMTH,435972
VROO6,YMWORTH,871944
VRPE5,YMWIDTH,580544
VRPE6,YMWIND,435408
VRPF7,YMWINDOW,580544
VRPF8,YMWELCOME,725680
VRPF9,YMWREATH,435408
VRPJ6,SEASPANBENEFACTOR,113042
VRRJ2,COSCOSHIPPINGALPS,1697300
VRRN8,SEASPANFALCON,113828
VRRO9,ACACIAHAWK,80483
VRRP7,CMACGMMUNDRA,227018
VRRP8,"CMACGMMUMBAI, NANSHAEXPRESS",227018
VRRQ4,CMACGMCOCHIN,340527
VRRQ7,SEASPANRAPTOR,455312
VRRY2,COSCOSHIPPINGJASMINE,429537
VRRZ9,COSCOSHIPPINGROSE,715895
VRSA2,COSCOSHIPPINGANDES,308600
VRSG3,COSCOSHIPPINGSAKURA,429537
VRSG8,COSCOSHIPPINGAZALEA,286358
VRSK4,COSCOSHIPPINGLOTUS,715895
VRSK6,COSCOSHIPPINGCAMELLIA,572716
VRSK7,COSCOSHIPPINGORCHID,286358
VRSN8,KOTALUKIS,438966
VRTF4,SEASPANADONIS,530770
VRTN4,MADRIDEXPRESS,706640
VRTO4,PARISEXPRESS,561036
VRTT9,NICOLINEMAERSK,55466
VRUC3,"CHARLESTON, ZIMCHARLESTON",275283
VRUC4,ZIMSHENZHEN,275283
VRUN3,ONEORINOCO,573215
VRUN4,ONEAMAZON,114643
VRUN7,ZIMCANADA,458572
VRUW9,ONEFREEDOM,618896
VRUX2,ONEFRIENDSHIP,309448
VRUX7,ZIMSAMMYOFER,608816
VRUX8,ZIMMOUNTEVEREST,761020
VRUX9,ZIMMOUNTBLANC,608816
VRUY2,ZIMMOUNTDENALI,456612
VRUY3,ZIMMOUNTRAINIER,456612
VRUY4,ONEFRUITION,464172
VRUY5,ONEFRONTIER,464172
VRVB4,MAERSKCHARLESTON,466635
VRVB5,MAERSKCLEVELAND,466635
VRVB6,ONEFANTASTIC,466635
VRVB8,ZIMMOUNTKILIMANJARO,608816
VRVB9,ZIMMOUNTOLYMPUS,608816
VRVC2,ZIMMOUNTFUJI,608816
VRVC3,ZIMMOUNTELBRUS,608816
VRVC4,ZIMMOUNTVINSON,608816
VRVC9,ONEFOREVER,618896
VRVD2,ONEFORTUNE,464172
VRVD3,ZIMAMBER,224079
VRVG5,ONEFOCUS,618896
VRVJ3,ZIMRUBY,149386
VRVK3,ZIMJADE,149386
VRVK4,ZIMJASPER,149386
VRVK5,ZIMMOONSTONE,149386
VRVK6,ZIMAQUAMARINE,74693
VRVK7,ZIMALEXANDRITE,74693
VRVM4,MAERSKSTEPNICA,92293
VRVO3,GERNERMAERSK,792016
VRVO4,GUTHORMMAERSK,594012
VRVO9,GUNDEMAERSK,693014
VRVQ3,ONECOSMOS,968979
VRVQ6,ONECONTINUITY,352356
VRVT5,BOHAISTAR,59272
VRWI3,OOCLBAUHINIA,318520
VRWL2,OOCLSUNFLOWER,159260
VRZB8,JIYU,60940
VTJP,SMMAHI,30047
WCEU,PRESIDENTCLEVELAND,675135
WDG8555,PRESIDENTWILSON,526336
WMKA,MAERSKKINLOSS,74642
WPBU,PRESIDENTBUSH,531468
WPCW,PRESIDENTCARTER,236208
WPKW,PRESIDENTKENNEDY,745146
WPMF,PRESIDENTMONROE,354312
WPRU,PRESIDENTREAGAN,590520
WPTC,PRESIDENTTRUMAN,225045
WROT,PRESIDENTFDROOSEVELT,227256
XVFA9,TANCANGGLORY,6474
YBHL2,SINARBANDA,62795
ZGOK7,ONEARCADIA,316932
