선사,선명
XPR,AS CHRISTIANA
ONE,CALLAO BRIDGE
XPR,CHANG SHUN QIAN CHENG
EAS,EASLINE YANTAI
FES,FESCO DALNEGORSK
HMM,HAIAN OPUS
HMM,HMM DAVAO
HMM,HMM FOREST
HMM,HMM GARNET
HMM,HMM HARVEST
HMM,HMM JUNIPER
HMM,HMM MIR
HMM,HMM MIRACLE
HMM,HMM OCEAN
HMM,HMM RUBY
HMM,HMM SAPPHIRE
HMM,HMM TURQUOISE
HMM,HMM VICTORY
HMM,HYUNDAI PARAMOUNT
HMM,HYUNDAI PRESTIGE
HMM,HYUNDAI SATURN
ONE,IRENES RALLY
FES,KAPITAN AFANASYEV
ONE,LOS ANDES BRIDGE
ONE,MOL CHARISMA
MSC,MSC ILLINOIS VII
MSC,MSC STACEY
ONE,NAVIOS LAPIS
ONE,NYK DANIELLA
ONE,NYK VESTA
ONE,ONE COLUMBA
HMM,SEASPAN BRILLIANCE
HLC,WIDE JULIET
ONE,X-PRESS KAILASH
YML,YM MUTUALITY
YML,YM THRONE
YML,YM WEALTH
YML,YM WISDOM
YML,YM WONDERLAND
FES,ZHONG CHUAN HAI YUN
